noise_sigma,mse
0.0,8.971036322691361e-07
0.01,1.122697653954674e-06
0.02,1.5317837096517906e-06
0.05,3.881943030137336e-06
0.1,7.550030659331242e-06
