model,metric,mean,std,n
rnn,loss_end,279.9239196777344,21.238796350711393,2
rnn,tf_mse,0.00869282241910696,0.0006095408940547092,2
rnn,free_run_mse,0.009858656208962202,0.0013755631584627481,2
rnn,free_run_pixel_mse,0.051525553688406944,0.006215098087783934,2
snn,loss_end,555.7025918399586,455.7130227866536,17
snn,tf_mse,0.01076681588721626,0.0011271644399141985,17
snn,free_run_mse,0.018027482335181796,0.003940231799707172,17
snn,free_run_pixel_mse,0.08639460758251302,0.01789425339818058,17
