model,metric,mean,std,n
rnn,loss_end,135.61380259195963,138.3186355448301,3
rnn,tf_mse,0.004457313489789764,0.0040486137140724465,3
rnn,free_run_mse,0.00906159138927857,0.001533220356837168,3
rnn,free_run_pixel_mse,0.04468167324860891,0.00973638156191671,3
snn,loss_end,98.61912282307942,8.982717235577207,3
snn,tf_mse,0.0030935058991114297,0.00029576788795406407,3
snn,free_run_mse,0.0036500655890752873,0.0004047106896091539,3
snn,free_run_pixel_mse,0.0189108004172643,0.0018524300713708315,3
